1,2,3,4,5,6,7,8,9,10
5000101,1,飞蝗石,4,1,1,1,50,提高%d%%攻击力,0
5000102,1,飞蝗石第二重,4,1,1,2,50,提高%d%%攻击力,0
5000103,1,飞蝗石第三重,4,1,1,3,50,提高%d%%攻击力,0
5000104,1,飞蝗石第四重,4,1,1,4,50,提高%d%%攻击力,0
5000105,1,飞蝗石第五重,4,1,1,5,50,提高%d%%攻击力,0
5000106,1,飞蝗石第六重,4,1,1,6,50,提高%d%%攻击力,0
5000107,1,飞蝗石第七重,4,1,1,7,50,提高%d%%攻击力,0
5000108,1,飞蝗石第八重,4,1,1,8,50,提高%d%%攻击力,0
5000109,1,飞蝗石第九重,4,1,1,9,50,提高%d%%攻击力,0
5000110,1,飞蝗石第十重,4,1,1,10,50,提高%d%%攻击力,0
5000201,1,全真剑法,1,1,1,1,50,提高%d%%攻击力,0
5000202,1,全真剑法第二重,1,1,1,2,50,提高%d%%攻击力,0
5000203,1,全真剑法第三重,1,1,1,3,50,提高%d%%攻击力,0
5000204,1,全真剑法第四重,1,1,1,4,50,提高%d%%攻击力,0
5000205,1,全真剑法第五重,1,1,1,5,50,提高%d%%攻击力,0
5000206,1,全真剑法第六重,1,1,1,6,50,提高%d%%攻击力,0
5000207,1,全真剑法第七重,1,1,1,7,50,提高%d%%攻击力,0
5000208,1,全真剑法第八重,1,1,1,8,50,提高%d%%攻击力,0
5000209,1,全真剑法第九重,1,1,1,9,50,提高%d%%攻击力,0
5000210,1,全真剑法第十重,1,1,1,10,50,提高%d%%攻击力,0
5000301,1,吸功入地,3,1,1,1,50,提高%d%%攻击力,0
5000302,1,吸功入地第二重,3,1,1,2,50,提高%d%%攻击力,0
5000303,1,吸功入地第三重,3,1,1,3,50,提高%d%%攻击力,0
5000304,1,吸功入地第四重,3,1,1,4,50,提高%d%%攻击力,0
5000305,1,吸功入地第五重,3,1,1,5,50,提高%d%%攻击力,0
5000306,1,吸功入地第六重,3,1,1,6,50,提高%d%%攻击力,0
5000307,1,吸功入地第七重,3,1,1,7,50,提高%d%%攻击力,0
5000308,1,吸功入地第八重,3,1,1,8,50,提高%d%%攻击力,0
5000309,1,吸功入地第九重,3,1,1,9,50,提高%d%%攻击力,0
5000310,1,吸功入地第十重,3,1,1,10,50,提高%d%%攻击力,0
5000401,1,太祖棍法,5,1,1,1,50,提高%d%%攻击力,0
5000402,1,太祖棍法第二重,5,1,1,2,50,提高%d%%攻击力,0
5000403,1,太祖棍法第三重,5,1,1,3,50,提高%d%%攻击力,0
5000404,1,太祖棍法第四重,5,1,1,4,50,提高%d%%攻击力,0
5000405,1,太祖棍法第五重,5,1,1,5,50,提高%d%%攻击力,0
5000406,1,太祖棍法第六重,5,1,1,6,50,提高%d%%攻击力,0
5000407,1,太祖棍法第七重,5,1,1,7,50,提高%d%%攻击力,0
5000408,1,太祖棍法第八重,5,1,1,8,50,提高%d%%攻击力,0
5000409,1,太祖棍法第九重,5,1,1,9,50,提高%d%%攻击力,0
5000410,1,太祖棍法第十重,5,1,1,10,50,提高%d%%攻击力,0
5000501,1,峨眉掌法,2,1,1,1,50,提高%d%%攻击力,0
5000502,1,峨眉掌法第二重,2,1,1,2,50,提高%d%%攻击力,0
5000503,1,峨眉掌法第三重,2,1,1,3,50,提高%d%%攻击力,0
5000504,1,峨眉掌法第四重,2,1,1,4,50,提高%d%%攻击力,0
5000505,1,峨眉掌法第五重,2,1,1,5,50,提高%d%%攻击力,0
5000506,1,峨眉掌法第六重,2,1,1,6,50,提高%d%%攻击力,0
5000507,1,峨眉掌法第七重,2,1,1,7,50,提高%d%%攻击力,0
5000508,1,峨眉掌法第八重,2,1,1,8,50,提高%d%%攻击力,0
5000509,1,峨眉掌法第九重,2,1,1,9,50,提高%d%%攻击力,0
5000510,1,峨眉掌法第十重,2,1,1,10,50,提高%d%%攻击力,0
5000601,1,仙人指路,1,1,1,2,60,提高%d%%攻击力,0
5000602,1,仙人指路第二重,1,1,1,3,60,提高%d%%攻击力,0
5000603,1,仙人指路第三重,1,1,1,4,60,提高%d%%攻击力,0
5000604,1,仙人指路第四重,1,1,1,5,60,提高%d%%攻击力,0
5000605,1,仙人指路第五重,1,1,1,6,60,提高%d%%攻击力,0
5000606,1,仙人指路第六重,1,1,1,7,60,提高%d%%攻击力,0
5000607,1,仙人指路第七重,1,1,1,8,60,提高%d%%攻击力,0
5000608,1,仙人指路第八重,1,1,1,9,60,提高%d%%攻击力,0
5000609,1,仙人指路第九重,1,1,1,10,60,提高%d%%攻击力,0
5000610,1,仙人指路第十重,1,1,1,11,60,提高%d%%攻击力,0
5000701,1,摧心掌,2,1,1,2,60,提高%d%%攻击力,0
5000702,1,摧心掌第二重,2,1,1,3,60,提高%d%%攻击力,0
5000703,1,摧心掌第三重,2,1,1,4,60,提高%d%%攻击力,0
5000704,1,摧心掌第四重,2,1,1,5,60,提高%d%%攻击力,0
5000705,1,摧心掌第五重,2,1,1,6,60,提高%d%%攻击力,0
5000706,1,摧心掌第六重,2,1,1,7,60,提高%d%%攻击力,0
5000707,1,摧心掌第七重,2,1,1,8,60,提高%d%%攻击力,0
5000708,1,摧心掌第八重,2,1,1,9,60,提高%d%%攻击力,0
5000709,1,摧心掌第九重,2,1,1,10,60,提高%d%%攻击力,0
5000710,1,摧心掌第十重,2,1,1,11,60,提高%d%%攻击力,0
5000801,1,回春术,3,1,2,3,50,回复%d%%生命值,0
5000802,1,回春术第二重,3,1,2,4,50,回复%d%%生命值,0
5000803,1,回春术第三重,3,1,2,5,50,回复%d%%生命值,0
5000804,1,回春术第四重,3,1,2,6,50,回复%d%%生命值,0
5000805,1,回春术第五重,3,1,2,7,50,回复%d%%生命值,0
5000806,1,回春术第六重,3,1,2,8,50,回复%d%%生命值,0
5000807,1,回春术第七重,3,1,2,9,50,回复%d%%生命值,0
5000808,1,回春术第八重,3,1,2,10,50,回复%d%%生命值,0
5000809,1,回春术第九重,3,1,2,11,50,回复%d%%生命值,0
5000810,1,回春术第十重,3,1,2,12,50,回复%d%%生命值,0
5000901,1,袖里乾坤,4,1,1,2,60,提高%d%%攻击力,0
5000902,1,袖里乾坤第二重,4,1,1,3,60,提高%d%%攻击力,0
5000903,1,袖里乾坤第三重,4,1,1,4,60,提高%d%%攻击力,0
5000904,1,袖里乾坤第四重,4,1,1,5,60,提高%d%%攻击力,0
5000905,1,袖里乾坤第五重,4,1,1,6,60,提高%d%%攻击力,0
5000906,1,袖里乾坤第六重,4,1,1,7,60,提高%d%%攻击力,0
5000907,1,袖里乾坤第七重,4,1,1,8,60,提高%d%%攻击力,0
5000908,1,袖里乾坤第八重,4,1,1,9,60,提高%d%%攻击力,0
5000909,1,袖里乾坤第九重,4,1,1,10,60,提高%d%%攻击力,0
5000910,1,袖里乾坤第十重,4,1,1,11,60,提高%d%%攻击力,0
5001001,1,灵蛇出洞,5,1,1,2,60,提高%d%%攻击力,0
5001002,1,灵蛇出洞第二重,5,1,1,3,60,提高%d%%攻击力,0
5001003,1,灵蛇出洞第三重,5,1,1,4,60,提高%d%%攻击力,0
5001004,1,灵蛇出洞第四重,5,1,1,5,60,提高%d%%攻击力,0
5001005,1,灵蛇出洞第五重,5,1,1,6,60,提高%d%%攻击力,0
5001006,1,灵蛇出洞第六重,5,1,1,7,60,提高%d%%攻击力,0
5001007,1,灵蛇出洞第七重,5,1,1,8,60,提高%d%%攻击力,0
5001008,1,灵蛇出洞第八重,5,1,1,9,60,提高%d%%攻击力,0
5001009,1,灵蛇出洞第九重,5,1,1,10,60,提高%d%%攻击力,0
5001010,1,灵蛇出洞第十重,5,1,1,11,60,提高%d%%攻击力,0
5010101,2,九阴枯骨爪,2,1,1,2,60,提高%d%%攻击力,0
5010102,2,九阴枯骨爪第二重,2,1,1,3,60,提高%d%%攻击力,0
5010103,2,九阴枯骨爪第三重,2,1,1,4,60,提高%d%%攻击力,0
5010104,2,九阴枯骨爪第四重,2,1,1,5,60,提高%d%%攻击力,0
5010105,2,九阴枯骨爪第五重,2,1,1,6,60,提高%d%%攻击力,0
5010106,2,九阴枯骨爪第六重,2,1,1,8,60,提高%d%%攻击力,0
5010107,2,九阴枯骨爪第七重,2,1,1,9,60,提高%d%%攻击力,0
5010108,2,九阴枯骨爪第八重,2,1,1,10,60,提高%d%%攻击力,0
5010109,2,九阴枯骨爪第九重,2,1,1,11,60,提高%d%%攻击力,0
5010110,2,九阴枯骨爪第十重,2,1,1,12,60,提高%d%%攻击力,0
5010201,2,伏魔杖法,5,1,1,2,60,提高%d%%攻击力,0
5010202,2,伏魔杖法第二重,5,1,1,3,60,提高%d%%攻击力,0
5010203,2,伏魔杖法第三重,5,1,1,4,60,提高%d%%攻击力,0
5010204,2,伏魔杖法第四重,5,1,1,5,60,提高%d%%攻击力,0
5010205,2,伏魔杖法第五重,5,1,1,6,60,提高%d%%攻击力,0
5010206,2,伏魔杖法第六重,5,1,1,8,60,提高%d%%攻击力,0
5010207,2,伏魔杖法第七重,5,1,1,9,60,提高%d%%攻击力,0
5010208,2,伏魔杖法第八重,5,1,1,10,60,提高%d%%攻击力,0
5010209,2,伏魔杖法第九重,5,1,1,11,60,提高%d%%攻击力,0
5010210,2,伏魔杖法第十重,5,1,1,12,60,提高%d%%攻击力,0
5010301,2,冰魄阴针,4,1,1,2,60,提高%d%%攻击力,0
5010302,2,冰魄阴针第二重,4,1,1,3,60,提高%d%%攻击力,0
5010303,2,冰魄阴针第三重,4,1,1,4,60,提高%d%%攻击力,0
5010304,2,冰魄阴针第四重,4,1,1,5,60,提高%d%%攻击力,0
5010305,2,冰魄阴针第五重,4,1,1,6,60,提高%d%%攻击力,0
5010306,2,冰魄阴针第六重,4,1,1,8,60,提高%d%%攻击力,0
5010307,2,冰魄阴针第七重,4,1,1,9,60,提高%d%%攻击力,0
5010308,2,冰魄阴针第八重,4,1,1,10,60,提高%d%%攻击力,0
5010309,2,冰魄阴针第九重,4,1,1,11,60,提高%d%%攻击力,0
5010310,2,冰魄阴针第十重,4,1,1,12,60,提高%d%%攻击力,0
5010401,2,混元神功,3,1,2,4,60,回复%d%%生命值,0
5010402,2,混元神功第二重,3,1,2,5,60,回复%d%%生命值,0
5010403,2,混元神功第三重,3,1,2,6,60,回复%d%%生命值,0
5010404,2,混元神功第四重,3,1,2,7,60,回复%d%%生命值,0
5010405,2,混元神功第五重,3,1,2,8,60,回复%d%%生命值,0
5010406,2,混元神功第六重,3,1,2,10,60,回复%d%%生命值,0
5010407,2,混元神功第七重,3,1,2,11,60,回复%d%%生命值,0
5010408,2,混元神功第八重,3,1,2,12,60,回复%d%%生命值,0
5010409,2,混元神功第九重,3,1,2,13,60,回复%d%%生命值,0
5010410,2,混元神功第十重,3,1,2,14,60,回复%d%%生命值,0
5010501,2,柳叶刀法,1,1,1,2,60,提高%d%%攻击力,0
5010502,2,柳叶刀法第二重,1,1,1,3,60,提高%d%%攻击力,0
5010503,2,柳叶刀法第三重,1,1,1,4,60,提高%d%%攻击力,0
5010504,2,柳叶刀法第四重,1,1,1,5,60,提高%d%%攻击力,0
5010505,2,柳叶刀法第五重,1,1,1,6,60,提高%d%%攻击力,0
5010506,2,柳叶刀法第六重,1,1,1,8,60,提高%d%%攻击力,0
5010507,2,柳叶刀法第七重,1,1,1,9,60,提高%d%%攻击力,0
5010508,2,柳叶刀法第八重,1,1,1,10,60,提高%d%%攻击力,0
5010509,2,柳叶刀法第九重,1,1,1,11,60,提高%d%%攻击力,0
5010510,2,柳叶刀法第十重,1,1,1,12,60,提高%d%%攻击力,0
5010601,2,如来神掌,2,1,1,4,70,提高%d%%攻击力,0
5010602,2,如来神掌第二重,2,1,1,5,70,提高%d%%攻击力,0
5010603,2,如来神掌第三重,2,1,1,6,70,提高%d%%攻击力,0
5010604,2,如来神掌第四重,2,1,1,7,70,提高%d%%攻击力,0
5010605,2,如来神掌第五重,2,1,1,8,70,提高%d%%攻击力,0
5010606,2,如来神掌第六重,2,1,1,10,70,提高%d%%攻击力,0
5010607,2,如来神掌第七重,2,1,1,11,70,提高%d%%攻击力,0
5010608,2,如来神掌第八重,2,1,1,12,70,提高%d%%攻击力,0
5010609,2,如来神掌第九重,2,1,1,13,70,提高%d%%攻击力,0
5010610,2,如来神掌第十重,2,1,1,14,70,提高%d%%攻击力,0
5010701,2,三环套月,1,1,1,4,70,提高%d%%攻击力,0
5010702,2,三环套月第二重,1,1,1,5,70,提高%d%%攻击力,0
5010703,2,三环套月第三重,1,1,1,6,70,提高%d%%攻击力,0
5010704,2,三环套月第四重,1,1,1,7,70,提高%d%%攻击力,0
5010705,2,三环套月第五重,1,1,1,8,70,提高%d%%攻击力,0
5010706,2,三环套月第六重,1,1,1,10,70,提高%d%%攻击力,0
5010707,2,三环套月第七重,1,1,1,11,70,提高%d%%攻击力,0
5010708,2,三环套月第八重,1,1,1,12,70,提高%d%%攻击力,0
5010709,2,三环套月第九重,1,1,1,13,70,提高%d%%攻击力,0
5010710,2,三环套月第十重,1,1,1,14,70,提高%d%%攻击力,0
5010801,2,八门金锁,3,1,1,2,60,提高%d%%攻击力,0
5010802,2,八门金锁第二重,3,1,1,3,60,提高%d%%攻击力,0
5010803,2,八门金锁第三重,3,1,1,4,60,提高%d%%攻击力,0
5010804,2,八门金锁第四重,3,1,1,5,60,提高%d%%攻击力,0
5010805,2,八门金锁第五重,3,1,1,6,60,提高%d%%攻击力,0
5010806,2,八门金锁第六重,3,1,1,8,60,提高%d%%攻击力,0
5010807,2,八门金锁第七重,3,1,1,9,60,提高%d%%攻击力,0
5010808,2,八门金锁第八重,3,1,1,10,60,提高%d%%攻击力,0
5010809,2,八门金锁第九重,3,1,1,11,60,提高%d%%攻击力,0
5010810,2,八门金锁第十重,3,1,1,12,60,提高%d%%攻击力,0
5010901,2,含沙射影,4,1,1,4,70,提高%d%%攻击力,0
5010902,2,含沙射影第二重,4,1,1,5,70,提高%d%%攻击力,0
5010903,2,含沙射影第三重,4,1,1,6,70,提高%d%%攻击力,0
5010904,2,含沙射影第四重,4,1,1,7,70,提高%d%%攻击力,0
5010905,2,含沙射影第五重,4,1,1,8,70,提高%d%%攻击力,0
5010906,2,含沙射影第六重,4,1,1,10,70,提高%d%%攻击力,0
5010907,2,含沙射影第七重,4,1,1,11,70,提高%d%%攻击力,0
5010908,2,含沙射影第八重,4,1,1,12,70,提高%d%%攻击力,0
5010909,2,含沙射影第九重,4,1,1,13,70,提高%d%%攻击力,0
5010910,2,含沙射影第十重,4,1,1,14,70,提高%d%%攻击力,0
5011001,2,千里横行,5,1,1,4,70,提高%d%%攻击力,0
5011002,2,千里横行第二重,5,1,1,5,70,提高%d%%攻击力,0
5011003,2,千里横行第三重,5,1,1,6,70,提高%d%%攻击力,0
5011004,2,千里横行第四重,5,1,1,7,70,提高%d%%攻击力,0
5011005,2,千里横行第五重,5,1,1,8,70,提高%d%%攻击力,0
5011006,2,千里横行第六重,5,1,1,10,70,提高%d%%攻击力,0
5011007,2,千里横行第七重,5,1,1,11,70,提高%d%%攻击力,0
5011008,2,千里横行第八重,5,1,1,12,70,提高%d%%攻击力,0
5011009,2,千里横行第九重,5,1,1,13,70,提高%d%%攻击力,0
5011010,2,千里横行第十重,5,1,1,14,70,提高%d%%攻击力,0
5011101,2,冰蚕神掌,2,1,1,5,70,提高%d%%攻击力,0
5011102,2,冰蚕神掌第二重,2,1,1,6,70,提高%d%%攻击力,0
5011103,2,冰蚕神掌第三重,2,1,1,7,70,提高%d%%攻击力,0
5011104,2,冰蚕神掌第四重,2,1,1,8,70,提高%d%%攻击力,0
5011105,2,冰蚕神掌第五重,2,1,1,9,70,提高%d%%攻击力,0
5011106,2,冰蚕神掌第六重,2,1,1,11,70,提高%d%%攻击力,0
5011107,2,冰蚕神掌第七重,2,1,1,12,70,提高%d%%攻击力,0
5011108,2,冰蚕神掌第八重,2,1,1,13,70,提高%d%%攻击力,0
5011109,2,冰蚕神掌第九重,2,1,1,14,70,提高%d%%攻击力,0
5011110,2,冰蚕神掌第十重,2,1,1,15,70,提高%d%%攻击力,0
5020101,3,漫天花雨,4,1,1,4,60,提高%d%%攻击力,0
5020102,3,漫天花雨第二重,4,1,1,5,60,提高%d%%攻击力,0
5020103,3,漫天花雨第三重,4,1,1,6,60,提高%d%%攻击力,0
5020104,3,漫天花雨第四重,4,1,1,8,60,提高%d%%攻击力,0
5020105,3,漫天花雨第五重,4,1,1,9,60,提高%d%%攻击力,0
5020106,3,漫天花雨第六重,4,1,1,11,60,提高%d%%攻击力,0
5020107,3,漫天花雨第七重,4,1,1,12,60,提高%d%%攻击力,0
5020108,3,漫天花雨第八重,4,1,1,13,60,提高%d%%攻击力,0
5020109,3,漫天花雨第九重,4,1,1,15,60,提高%d%%攻击力,0
5020110,3,漫天花雨第十重,4,1,1,16,60,提高%d%%攻击力,0
5020201,3,玄冥神功,2,1,1,4,60,提高%d%%攻击力,0
5020202,3,玄冥神功第二重,2,1,1,5,60,提高%d%%攻击力,0
5020203,3,玄冥神功第三重,2,1,1,6,60,提高%d%%攻击力,0
5020204,3,玄冥神功第四重,2,1,1,8,60,提高%d%%攻击力,0
5020205,3,玄冥神功第五重,2,1,1,9,60,提高%d%%攻击力,0
5020206,3,玄冥神功第六重,2,1,1,11,60,提高%d%%攻击力,0
5020207,3,玄冥神功第七重,2,1,1,12,60,提高%d%%攻击力,0
5020208,3,玄冥神功第八重,2,1,1,13,60,提高%d%%攻击力,0
5020209,3,玄冥神功第九重,2,1,1,15,60,提高%d%%攻击力,0
5020210,3,玄冥神功第十重,2,1,1,16,60,提高%d%%攻击力,0
5020301,3,吸星神功,3,1,2,6,60,回复%d%%生命值,0
5020302,3,吸星神功第二重,3,1,2,7,60,回复%d%%生命值,0
5020303,3,吸星神功第三重,3,1,2,8,60,回复%d%%生命值,0
5020304,3,吸星神功第四重,3,1,2,10,60,回复%d%%生命值,0
5020305,3,吸星神功第五重,3,1,2,11,60,回复%d%%生命值,0
5020306,3,吸星神功第六重,3,1,2,13,60,回复%d%%生命值,0
5020307,3,吸星神功第七重,3,1,2,14,60,回复%d%%生命值,0
5020308,3,吸星神功第八重,3,1,2,15,60,回复%d%%生命值,0
5020309,3,吸星神功第九重,3,1,2,17,60,回复%d%%生命值,0
5020310,3,吸星神功第十重,3,1,2,18,60,回复%d%%生命值,0
5020401,3,化功神功,3,1,1,4,60,提高%d%%攻击力,0
5020402,3,化功神功第二重,3,1,1,5,60,提高%d%%攻击力,0
5020403,3,化功神功第三重,3,1,1,6,60,提高%d%%攻击力,0
5020404,3,化功神功第四重,3,1,1,8,60,提高%d%%攻击力,0
5020405,3,化功神功第五重,3,1,1,9,60,提高%d%%攻击力,0
5020406,3,化功神功第六重,3,1,1,11,60,提高%d%%攻击力,0
5020407,3,化功神功第七重,3,1,1,12,60,提高%d%%攻击力,0
5020408,3,化功神功第八重,3,1,1,13,60,提高%d%%攻击力,0
5020409,3,化功神功第九重,3,1,1,15,60,提高%d%%攻击力,0
5020410,3,化功神功第十重,3,1,1,16,60,提高%d%%攻击力,0
5020501,3,蛇形剑法,1,1,1,4,60,提高%d%%攻击力,0
5020502,3,蛇形剑法第二重,1,1,1,5,60,提高%d%%攻击力,0
5020503,3,蛇形剑法第三重,1,1,1,6,60,提高%d%%攻击力,0
5020504,3,蛇形剑法第四重,1,1,1,8,60,提高%d%%攻击力,0
5020505,3,蛇形剑法第五重,1,1,1,9,60,提高%d%%攻击力,0
5020506,3,蛇形剑法第六重,1,1,1,11,60,提高%d%%攻击力,0
5020507,3,蛇形剑法第七重,1,1,1,12,60,提高%d%%攻击力,0
5020508,3,蛇形剑法第八重,1,1,1,13,60,提高%d%%攻击力,0
5020509,3,蛇形剑法第九重,1,1,1,15,60,提高%d%%攻击力,0
5020510,3,蛇形剑法第十重,1,1,1,16,60,提高%d%%攻击力,0
5020601,3,韦陀献杵,5,1,1,4,60,提高%d%%攻击力,0
5020602,3,韦陀献杵第二重,5,1,1,5,60,提高%d%%攻击力,0
5020603,3,韦陀献杵第三重,5,1,1,6,60,提高%d%%攻击力,0
5020604,3,韦陀献杵第四重,5,1,1,8,60,提高%d%%攻击力,0
5020605,3,韦陀献杵第五重,5,1,1,9,60,提高%d%%攻击力,0
5020606,3,韦陀献杵第六重,5,1,1,11,60,提高%d%%攻击力,0
5020607,3,韦陀献杵第七重,5,1,1,12,60,提高%d%%攻击力,0
5020608,3,韦陀献杵第八重,5,1,1,13,60,提高%d%%攻击力,0
5020609,3,韦陀献杵第九重,5,1,1,15,60,提高%d%%攻击力,0
5020610,3,韦陀献杵第十重,5,1,1,16,60,提高%d%%攻击力,0
5020701,3,斗转星移,3,1,1,5,60,提高%d%%攻击力,0
5020702,3,斗转星移第二重,3,1,1,6,60,提高%d%%攻击力,0
5020703,3,斗转星移第三重,3,1,1,7,60,提高%d%%攻击力,0
5020704,3,斗转星移第四重,3,1,1,9,60,提高%d%%攻击力,0
5020705,3,斗转星移第五重,3,1,1,10,60,提高%d%%攻击力,0
5020706,3,斗转星移第六重,3,1,1,12,60,提高%d%%攻击力,0
5020707,3,斗转星移第七重,3,1,1,13,60,提高%d%%攻击力,0
5020708,3,斗转星移第八重,3,1,1,14,60,提高%d%%攻击力,0
5020709,3,斗转星移第九重,3,1,1,16,60,提高%d%%攻击力,0
5020710,3,斗转星移第十重,3,1,1,17,60,提高%d%%攻击力,0
5020801,3,五轮同转,4,1,1,5,60,提高%d%%攻击力,0
5020802,3,五轮同转第二重,4,1,1,6,60,提高%d%%攻击力,0
5020803,3,五轮同转第三重,4,1,1,7,60,提高%d%%攻击力,0
5020804,3,五轮同转第四重,4,1,1,9,60,提高%d%%攻击力,0
5020805,3,五轮同转第五重,4,1,1,10,60,提高%d%%攻击力,0
5020806,3,五轮同转第六重,4,1,1,12,60,提高%d%%攻击力,0
5020807,3,五轮同转第七重,4,1,1,13,60,提高%d%%攻击力,0
5020808,3,五轮同转第八重,4,1,1,14,60,提高%d%%攻击力,0
5020809,3,五轮同转第九重,4,1,1,16,60,提高%d%%攻击力,0
5020810,3,五轮同转第十重,4,1,1,17,60,提高%d%%攻击力,0
5020901,3,火焰刀,3,1,1,5,60,提高%d%%攻击力,0
5020902,3,火焰刀第二重,3,1,1,6,60,提高%d%%攻击力,0
5020903,3,火焰刀第三重,3,1,1,7,60,提高%d%%攻击力,0
5020904,3,火焰刀第四重,3,1,1,9,60,提高%d%%攻击力,0
5020905,3,火焰刀第五重,3,1,1,10,60,提高%d%%攻击力,0
5020906,3,火焰刀第六重,3,1,1,12,60,提高%d%%攻击力,0
5020907,3,火焰刀第七重,3,1,1,13,60,提高%d%%攻击力,0
5020908,3,火焰刀第八重,3,1,1,14,60,提高%d%%攻击力,0
5020909,3,火焰刀第九重,3,1,1,16,60,提高%d%%攻击力,0
5020910,3,火焰刀第十重,3,1,1,17,60,提高%d%%攻击力,0
5021001,3,清心普善咒,3,1,2,7,60,回复%d%%生命值,0
5021002,3,清心普善咒第二重,3,1,2,8,60,回复%d%%生命值,0
5021003,3,清心普善咒第三重,3,1,2,9,60,回复%d%%生命值,0
5021004,3,清心普善咒第四重,3,1,2,11,60,回复%d%%生命值,0
5021005,3,清心普善咒第五重,3,1,2,12,60,回复%d%%生命值,0
5021006,3,清心普善咒第六重,3,1,2,14,60,回复%d%%生命值,0
5021007,3,清心普善咒第七重,3,1,2,15,60,回复%d%%生命值,0
5021008,3,清心普善咒第八重,3,1,2,16,60,回复%d%%生命值,0
5021009,3,清心普善咒第九重,3,1,2,18,60,回复%d%%生命值,0
5021010,3,清心普善咒第十重,3,1,2,19,60,回复%d%%生命值,0
5021101,3,铁杀掌,2,1,1,5,60,提高%d%%攻击力,0
5021102,3,铁杀掌第二重,2,1,1,6,60,提高%d%%攻击力,0
5021103,3,铁杀掌第三重,2,1,1,7,60,提高%d%%攻击力,0
5021104,3,铁杀掌第四重,2,1,1,9,60,提高%d%%攻击力,0
5021105,3,铁杀掌第五重,2,1,1,10,60,提高%d%%攻击力,0
5021106,3,铁杀掌第六重,2,1,1,12,60,提高%d%%攻击力,0
5021107,3,铁杀掌第七重,2,1,1,13,60,提高%d%%攻击力,0
5021108,3,铁杀掌第八重,2,1,1,14,60,提高%d%%攻击力,0
5021109,3,铁杀掌第九重,2,1,1,16,60,提高%d%%攻击力,0
5021110,3,铁杀掌第十重,2,1,1,17,60,提高%d%%攻击力,0
5021201,3,寒冰掌,2,1,1,6,60,提高%d%%攻击力,0
5021202,3,寒冰掌第二重,2,1,1,7,60,提高%d%%攻击力,0
5021203,3,寒冰掌第三重,2,1,1,8,60,提高%d%%攻击力,0
5021204,3,寒冰掌第四重,2,1,1,10,60,提高%d%%攻击力,0
5021205,3,寒冰掌第五重,2,1,1,11,60,提高%d%%攻击力,0
5021206,3,寒冰掌第六重,2,1,1,13,60,提高%d%%攻击力,0
5021207,3,寒冰掌第七重,2,1,1,14,60,提高%d%%攻击力,0
5021208,3,寒冰掌第八重,2,1,1,15,60,提高%d%%攻击力,0
5021209,3,寒冰掌第九重,2,1,1,17,60,提高%d%%攻击力,0
5021210,3,寒冰掌第十重,2,1,1,18,60,提高%d%%攻击力,0
5030101,4,玉蜂针,4,1,2,7,60,回复%d%%生命值,0
5030102,4,玉蜂针第二重,4,1,2,8,60,回复%d%%生命值,0
5030103,4,玉蜂针第三重,4,1,2,10,60,回复%d%%生命值,0
5030104,4,玉蜂针第四重,4,1,2,12,60,回复%d%%生命值,0
5030105,4,玉蜂针第五重,4,1,2,14,60,回复%d%%生命值,0
5030106,4,玉蜂针第六重,4,1,2,16,60,回复%d%%生命值,0
5030107,4,玉蜂针第七重,4,1,2,17,60,回复%d%%生命值,0
5030108,4,玉蜂针第八重,4,1,2,19,60,回复%d%%生命值,0
5030109,4,玉蜂针第九重,4,1,2,21,60,回复%d%%生命值,0
5030110,4,玉蜂针第十重,4,1,2,23,60,回复%d%%生命值,0
5030201,4,避邪剑术,1,1,1,5,60,提高%d%%攻击力,0
5030202,4,避邪剑术第二重,1,1,1,6,60,提高%d%%攻击力,0
5030203,4,避邪剑术第三重,1,1,1,8,60,提高%d%%攻击力,0
5030204,4,避邪剑术第四重,1,1,1,10,60,提高%d%%攻击力,0
5030205,4,避邪剑术第五重,1,1,1,12,60,提高%d%%攻击力,0
5030206,4,避邪剑术第六重,1,1,1,14,60,提高%d%%攻击力,0
5030207,4,避邪剑术第七重,1,1,1,15,60,提高%d%%攻击力,0
5030208,4,避邪剑术第八重,1,1,1,17,60,提高%d%%攻击力,0
5030209,4,避邪剑术第九重,1,1,1,19,60,提高%d%%攻击力,0
5030210,4,避邪剑术第十重,1,1,1,21,60,提高%d%%攻击力,0
5030301,4,一阳指,4,1,1,6,70,提高%d%%攻击力,0
5030302,4,一阳指第二重,4,1,1,7,70,提高%d%%攻击力,0
5030303,4,一阳指第三重,4,1,1,9,70,提高%d%%攻击力,0
5030304,4,一阳指第四重,4,1,1,11,70,提高%d%%攻击力,0
5030305,4,一阳指第五重,4,1,1,13,70,提高%d%%攻击力,0
5030306,4,一阳指第六重,4,1,1,15,70,提高%d%%攻击力,0
5030307,4,一阳指第七重,4,1,1,16,70,提高%d%%攻击力,0
5030308,4,一阳指第八重,4,1,1,18,70,提高%d%%攻击力,0
5030309,4,一阳指第九重,4,1,1,20,70,提高%d%%攻击力,0
5030310,4,一阳指第十重,4,1,1,22,70,提高%d%%攻击力,0
5030401,4,逍遥游,3,1,1,5,60,提高%d%%攻击力,0
5030402,4,逍遥游第二重,3,1,1,6,60,提高%d%%攻击力,0
5030403,4,逍遥游第三重,3,1,1,8,60,提高%d%%攻击力,0
5030404,4,逍遥游第四重,3,1,1,10,60,提高%d%%攻击力,0
5030405,4,逍遥游第五重,3,1,1,12,60,提高%d%%攻击力,0
5030406,4,逍遥游第六重,3,1,1,14,60,提高%d%%攻击力,0
5030407,4,逍遥游第七重,3,1,1,15,60,提高%d%%攻击力,0
5030408,4,逍遥游第八重,3,1,1,17,60,提高%d%%攻击力,0
5030409,4,逍遥游第九重,3,1,1,19,60,提高%d%%攻击力,0
5030410,4,逍遥游第十重,3,1,1,21,60,提高%d%%攻击力,0
5030501,4,落英神剑掌,2,1,1,5,60,提高%d%%攻击力,0
5030502,4,落英神剑掌第二重,2,1,1,6,60,提高%d%%攻击力,0
5030503,4,落英神剑掌第三重,2,1,1,8,60,提高%d%%攻击力,0
5030504,4,落英神剑掌第四重,2,1,1,10,60,提高%d%%攻击力,0
5030505,4,落英神剑掌第五重,2,1,1,12,60,提高%d%%攻击力,0
5030506,4,落英神剑掌第六重,2,1,1,14,60,提高%d%%攻击力,0
5030507,4,落英神剑掌第七重,2,1,1,15,60,提高%d%%攻击力,0
5030508,4,落英神剑掌第八重,2,1,1,17,60,提高%d%%攻击力,0
5030509,4,落英神剑掌第九重,2,1,1,19,60,提高%d%%攻击力,0
5030510,4,落英神剑掌第十重,2,1,1,21,60,提高%d%%攻击力,0
5030601,4,毒蛇杖法,5,1,1,5,60,提高%d%%攻击力,0
5030602,4,毒蛇杖法第二重,5,1,1,6,60,提高%d%%攻击力,0
5030603,4,毒蛇杖法第三重,5,1,1,8,60,提高%d%%攻击力,0
5030604,4,毒蛇杖法第四重,5,1,1,10,60,提高%d%%攻击力,0
5030605,4,毒蛇杖法第五重,5,1,1,12,60,提高%d%%攻击力,0
5030606,4,毒蛇杖法第六重,5,1,1,14,60,提高%d%%攻击力,0
5030607,4,毒蛇杖法第七重,5,1,1,15,60,提高%d%%攻击力,0
5030608,4,毒蛇杖法第八重,5,1,1,17,60,提高%d%%攻击力,0
5030609,4,毒蛇杖法第九重,5,1,1,19,60,提高%d%%攻击力,0
5030610,4,毒蛇杖法第十重,5,1,1,21,60,提高%d%%攻击力,0
5030701,4,空明拳,2,1,1,6,70,提高%d%%攻击力,0
5030702,4,空明拳第二重,2,1,1,7,70,提高%d%%攻击力,0
5030703,4,空明拳第三重,2,1,1,9,70,提高%d%%攻击力,0
5030704,4,空明拳第四重,2,1,1,11,70,提高%d%%攻击力,0
5030705,4,空明拳第五重,2,1,1,13,70,提高%d%%攻击力,0
5030706,4,空明拳第六重,2,1,1,15,70,提高%d%%攻击力,0
5030707,4,空明拳第七重,2,1,1,16,70,提高%d%%攻击力,0
5030708,4,空明拳第八重,2,1,1,18,70,提高%d%%攻击力,0
5030709,4,空明拳第九重,2,1,1,20,70,提高%d%%攻击力,0
5030710,4,空明拳第十重,2,1,1,22,70,提高%d%%攻击力,0
5030801,4,无相功,3,1,1,6,70,提高%d%%攻击力,0
5030802,4,无相功第二重,3,1,1,7,70,提高%d%%攻击力,0
5030803,4,无相功第三重,3,1,1,9,70,提高%d%%攻击力,0
5030804,4,无相功第四重,3,1,1,11,70,提高%d%%攻击力,0
5030805,4,无相功第五重,3,1,1,13,70,提高%d%%攻击力,0
5030806,4,无相功第六重,3,1,1,15,70,提高%d%%攻击力,0
5030807,4,无相功第七重,3,1,1,16,70,提高%d%%攻击力,0
5030808,4,无相功第八重,3,1,1,18,70,提高%d%%攻击力,0
5030809,4,无相功第九重,3,1,1,20,70,提高%d%%攻击力,0
5030810,4,无相功第十重,3,1,1,22,70,提高%d%%攻击力,0
5030901,4,生死讣,4,1,1,6,70,提高%d%%攻击力,0
5030902,4,生死讣第二重,4,1,1,7,70,提高%d%%攻击力,0
5030903,4,生死讣第三重,4,1,1,9,70,提高%d%%攻击力,0
5030904,4,生死讣第四重,4,1,1,11,70,提高%d%%攻击力,0
5030905,4,生死讣第五重,4,1,1,13,70,提高%d%%攻击力,0
5030906,4,生死讣第六重,4,1,1,15,70,提高%d%%攻击力,0
5030907,4,生死讣第七重,4,1,1,16,70,提高%d%%攻击力,0
5030908,4,生死讣第八重,4,1,1,18,70,提高%d%%攻击力,0
5030909,4,生死讣第九重,4,1,1,20,70,提高%d%%攻击力,0
5030910,4,生死讣第十重,4,1,1,22,70,提高%d%%攻击力,0
5031001,4,北冥神掌,3,1,2,7,60,回复%d%%生命值,0
5031002,4,北冥神掌第二重,3,1,2,8,60,回复%d%%生命值,0
5031003,4,北冥神掌第三重,3,1,2,10,60,回复%d%%生命值,0
5031004,4,北冥神掌第四重,3,1,2,12,60,回复%d%%生命值,0
5031005,4,北冥神掌第五重,3,1,2,14,60,回复%d%%生命值,0
5031006,4,北冥神掌第六重,3,1,2,16,60,回复%d%%生命值,0
5031007,4,北冥神掌第七重,3,1,2,17,60,回复%d%%生命值,0
5031008,4,北冥神掌第八重,3,1,2,19,60,回复%d%%生命值,0
5031009,4,北冥神掌第九重,3,1,2,21,60,回复%d%%生命值,0
5031010,4,北冥神掌第十重,3,1,2,23,60,回复%d%%生命值,0
5040101,5,九阳神功,3,1,1,8,70,提高%d%%攻击力,Item/jiuyang.plist
5040102,5,九阳神功第二重,3,1,1,10,70,提高%d%%攻击力,Item/jiuyang.plist
5040103,5,九阳神功第三重,3,1,1,12,70,提高%d%%攻击力,Item/jiuyang.plist
5040104,5,九阳神功第四重,3,1,1,15,70,提高%d%%攻击力,Item/jiuyang.plist
5040105,5,九阳神功第五重,3,1,1,17,70,提高%d%%攻击力,Item/jiuyang.plist
5040106,5,九阳神功第六重,3,1,1,20,70,提高%d%%攻击力,Item/jiuyang.plist
5040107,5,九阳神功第七重,3,1,1,22,70,提高%d%%攻击力,Item/jiuyang.plist
5040108,5,九阳神功第八重,3,1,1,24,70,提高%d%%攻击力,Item/jiuyang.plist
5040109,5,九阳神功第九重,3,1,1,27,70,提高%d%%攻击力,Item/jiuyang.plist
5040110,5,九阳神功第十重,3,1,1,29,70,提高%d%%攻击力,Item/jiuyang.plist
5040201,5,天山六扬掌,2,1,1,8,70,提高%d%%攻击力,Item/tianshan.plist
5040202,5,天山六扬掌第二重,2,1,1,10,70,提高%d%%攻击力,Item/tianshan.plist
5040203,5,天山六扬掌第三重,2,1,1,12,70,提高%d%%攻击力,Item/tianshan.plist
5040204,5,天山六扬掌第四重,2,1,1,15,70,提高%d%%攻击力,Item/tianshan.plist
5040205,5,天山六扬掌第五重,2,1,1,17,70,提高%d%%攻击力,Item/tianshan.plist
5040206,5,天山六扬掌第六重,2,1,1,20,70,提高%d%%攻击力,Item/tianshan.plist
5040207,5,天山六扬掌第七重,2,1,1,22,70,提高%d%%攻击力,Item/tianshan.plist
5040208,5,天山六扬掌第八重,2,1,1,24,70,提高%d%%攻击力,Item/tianshan.plist
5040209,5,天山六扬掌第九重,2,1,1,27,70,提高%d%%攻击力,Item/tianshan.plist
5040210,5,天山六扬掌第十重,2,1,1,29,70,提高%d%%攻击力,Item/tianshan.plist
5040301,5,暗然销魂掌,2,1,1,10,70,提高%d%%攻击力,Item/anran.plist
5040302,5,暗然销魂掌第二重,2,1,1,12,70,提高%d%%攻击力,Item/anran.plist
5040303,5,暗然销魂掌第三重,2,1,1,14,70,提高%d%%攻击力,Item/anran.plist
5040304,5,暗然销魂掌第四重,2,1,1,17,70,提高%d%%攻击力,Item/anran.plist
5040305,5,暗然销魂掌第五重,2,1,1,19,70,提高%d%%攻击力,Item/anran.plist
5040306,5,暗然销魂掌第六重,2,1,1,22,70,提高%d%%攻击力,Item/anran.plist
5040307,5,暗然销魂掌第七重,2,1,1,24,70,提高%d%%攻击力,Item/anran.plist
5040308,5,暗然销魂掌第八重,2,1,1,26,70,提高%d%%攻击力,Item/anran.plist
5040309,5,暗然销魂掌第九重,2,1,1,29,70,提高%d%%攻击力,Item/anran.plist
5040310,5,暗然销魂掌第十重,2,1,1,31,70,提高%d%%攻击力,Item/anran.plist
5040401,5,六脉神箭,4,1,1,6,70,提高%d%%攻击力,Item/liumai.plist
5040402,5,六脉神箭第二重,4,1,1,9,70,提高%d%%攻击力,Item/liumai.plist
5040403,5,六脉神箭第三重,4,1,1,12,70,提高%d%%攻击力,Item/liumai.plist
5040404,5,六脉神箭第四重,4,1,1,15,70,提高%d%%攻击力,Item/liumai.plist
5040405,5,六脉神箭第五重,4,1,1,18,70,提高%d%%攻击力,Item/liumai.plist
5040406,5,六脉神箭第六重,4,1,1,21,70,提高%d%%攻击力,Item/liumai.plist
5040407,5,六脉神箭第七重,4,1,1,24,70,提高%d%%攻击力,Item/liumai.plist
5040408,5,六脉神箭第八重,4,1,1,27,70,提高%d%%攻击力,Item/liumai.plist
5040409,5,六脉神箭第九重,4,1,1,30,70,提高%d%%攻击力,Item/liumai.plist
5040410,5,六脉神箭第十重,4,1,1,33,70,提高%d%%攻击力,Item/liumai.plist
5040501,5,独孤神剑,1,1,1,12,70,提高%d%%攻击力,Item/dugu.plist
5040502,5,独孤神剑第二重,1,1,1,13,70,提高%d%%攻击力,Item/dugu.plist
5040503,5,独孤神剑第三重,1,1,1,15,70,提高%d%%攻击力,Item/dugu.plist
5040504,5,独孤神剑第四重,1,1,1,17,70,提高%d%%攻击力,Item/dugu.plist
5040505,5,独孤神剑第五重,1,1,1,19,70,提高%d%%攻击力,Item/dugu.plist
5040506,5,独孤神剑第六重,1,1,1,21,70,提高%d%%攻击力,Item/dugu.plist
5040507,5,独孤神剑第七重,1,1,1,22,70,提高%d%%攻击力,Item/dugu.plist
5040508,5,独孤神剑第八重,1,1,1,24,70,提高%d%%攻击力,Item/dugu.plist
5040509,5,独孤神剑第九重,1,1,1,26,70,提高%d%%攻击力,Item/dugu.plist
5040510,5,独孤神剑第十重,1,1,1,28,70,提高%d%%攻击力,Item/dugu.plist
5040601,5,打狗棍法,5,1,1,8,70,提高%d%%攻击力,Item/dagou.plist
5040602,5,打狗棍法第二重,5,1,1,10,70,提高%d%%攻击力,Item/dagou.plist
5040603,5,打狗棍法第三重,5,1,1,12,70,提高%d%%攻击力,Item/dagou.plist
5040604,5,打狗棍法第四重,5,1,1,15,70,提高%d%%攻击力,Item/dagou.plist
5040605,5,打狗棍法第五重,5,1,1,17,70,提高%d%%攻击力,Item/dagou.plist
5040606,5,打狗棍法第六重,5,1,1,20,70,提高%d%%攻击力,Item/dagou.plist
5040607,5,打狗棍法第七重,5,1,1,22,70,提高%d%%攻击力,Item/dagou.plist
5040608,5,打狗棍法第八重,5,1,1,24,70,提高%d%%攻击力,Item/dagou.plist
5040609,5,打狗棍法第九重,5,1,1,27,70,提高%d%%攻击力,Item/dagou.plist
5040610,5,打狗棍法第十重,5,1,1,29,70,提高%d%%攻击力,Item/dagou.plist
5040701,5,先天功,4,1,1,10,70,提高%d%%攻击力,Item/xiantian.plist
5040702,5,先天功第二重,4,1,1,12,70,提高%d%%攻击力,Item/xiantian.plist
5040703,5,先天功第三重,4,1,1,14,70,提高%d%%攻击力,Item/xiantian.plist
5040704,5,先天功第四重,4,1,1,17,70,提高%d%%攻击力,Item/xiantian.plist
5040705,5,先天功第五重,4,1,1,19,70,提高%d%%攻击力,Item/xiantian.plist
5040706,5,先天功第六重,4,1,1,22,70,提高%d%%攻击力,Item/xiantian.plist
5040707,5,先天功第七重,4,1,1,24,70,提高%d%%攻击力,Item/xiantian.plist
5040708,5,先天功第八重,4,1,1,26,70,提高%d%%攻击力,Item/xiantian.plist
5040709,5,先天功第九重,4,1,1,29,70,提高%d%%攻击力,Item/xiantian.plist
5040710,5,先天功第十重,4,1,1,31,70,提高%d%%攻击力,Item/xiantian.plist
5040801,5,侠客行,3,1,1,12,70,提高%d%%攻击力,Item/xiakexing.plist
5040802,5,侠客行第二重,3,1,1,13,70,提高%d%%攻击力,Item/xiakexing.plist
5040803,5,侠客行第三重,3,1,1,15,70,提高%d%%攻击力,Item/xiakexing.plist
5040804,5,侠客行第四重,3,1,1,17,70,提高%d%%攻击力,Item/xiakexing.plist
5040805,5,侠客行第五重,3,1,1,19,70,提高%d%%攻击力,Item/xiakexing.plist
5040806,5,侠客行第六重,3,1,1,21,70,提高%d%%攻击力,Item/xiakexing.plist
5040807,5,侠客行第七重,3,1,1,22,70,提高%d%%攻击力,Item/xiakexing.plist
5040808,5,侠客行第八重,3,1,1,24,70,提高%d%%攻击力,Item/xiakexing.plist
5040809,5,侠客行第九重,3,1,1,26,70,提高%d%%攻击力,Item/xiakexing.plist
5040810,5,侠客行第十重,3,1,1,28,70,提高%d%%攻击力,Item/xiakexing.plist
5040901,5,葵花神功,1,1,1,6,70,提高%d%%攻击力,Item/kuihua.plist
5040902,5,葵花神功第二重,1,1,1,9,70,提高%d%%攻击力,Item/kuihua.plist
5040903,5,葵花神功第三重,1,1,1,12,70,提高%d%%攻击力,Item/kuihua.plist
5040904,5,葵花神功第四重,1,1,1,15,70,提高%d%%攻击力,Item/kuihua.plist
5040905,5,葵花神功第五重,1,1,1,18,70,提高%d%%攻击力,Item/kuihua.plist
5040906,5,葵花神功第六重,1,1,1,21,70,提高%d%%攻击力,Item/kuihua.plist
5040907,5,葵花神功第七重,1,1,1,24,70,提高%d%%攻击力,Item/kuihua.plist
5040908,5,葵花神功第八重,1,1,1,27,70,提高%d%%攻击力,Item/kuihua.plist
5040909,5,葵花神功第九重,1,1,1,30,70,提高%d%%攻击力,Item/kuihua.plist
5040910,5,葵花神功第十重,1,1,1,33,70,提高%d%%攻击力,Item/kuihua.plist
5041001,5,扫地棍法,5,1,1,8,70,提高%d%%攻击力,Item/saodi.plist
5041002,5,扫地棍法第二重,5,1,1,10,70,提高%d%%攻击力,Item/saodi.plist
5041003,5,扫地棍法第三重,5,1,1,12,70,提高%d%%攻击力,Item/saodi.plist
5041004,5,扫地棍法第四重,5,1,1,15,70,提高%d%%攻击力,Item/saodi.plist
5041005,5,扫地棍法第五重,5,1,1,17,70,提高%d%%攻击力,Item/saodi.plist
5041006,5,扫地棍法第六重,5,1,1,20,70,提高%d%%攻击力,Item/saodi.plist
5041007,5,扫地棍法第七重,5,1,1,22,70,提高%d%%攻击力,Item/saodi.plist
5041008,5,扫地棍法第八重,5,1,1,24,70,提高%d%%攻击力,Item/saodi.plist
5041009,5,扫地棍法第九重,5,1,1,27,70,提高%d%%攻击力,Item/saodi.plist
5041010,5,扫地棍法第十重,5,1,1,29,70,提高%d%%攻击力,Item/saodi.plist
5041101,5,翔龙十八掌,2,1,1,10,70,提高%d%%攻击力,Item/xianglong.plist
5041102,5,翔龙十八掌第二重,2,1,1,12,70,提高%d%%攻击力,Item/xianglong.plist
5041103,5,翔龙十八掌第三重,2,1,1,14,70,提高%d%%攻击力,Item/xianglong.plist
5041104,5,翔龙十八掌第四重,2,1,1,17,70,提高%d%%攻击力,Item/xianglong.plist
5041105,5,翔龙十八掌第五重,2,1,1,19,70,提高%d%%攻击力,Item/xianglong.plist
5041106,5,翔龙十八掌第六重,2,1,1,22,70,提高%d%%攻击力,Item/xianglong.plist
5041107,5,翔龙十八掌第七重,2,1,1,24,70,提高%d%%攻击力,Item/xianglong.plist
5041108,5,翔龙十八掌第八重,2,1,1,26,70,提高%d%%攻击力,Item/xianglong.plist
5041109,5,翔龙十八掌第九重,2,1,1,29,70,提高%d%%攻击力,Item/xianglong.plist
5041110,5,翔龙十八掌第十重,2,1,1,31,70,提高%d%%攻击力,Item/xianglong.plist
